,GRUPO/FAMILIA,CODIGO,EQUIPO,
,MOLDAJES EURO,888810,ADAPTADOR ALLSTEEL EURO PANEL,
,LOSA PLACA,501624,ALZAPRIMA L 1600-2400 (PERI),
,LOSA PLACA,501831,ALZAPRIMA L 1600-2500,
,LOSA PLACA,501835,ALZAPRIMA L 1800-3000,
,LOSA PLACA,501832,ALZAPRIMA L 1800-3200,
,LOSA PLACA,501833,ALZAPRIMA L 1800-3200 (GRUENCO),
,LOSA PLACA,501834,ALZAPRIMA L 1800-3200 (GRUENCO AMAR),
,LOSA PLACA,511832,ALZAPRIMA L 1800-3200 (REALZAPR.),
,LOSA PLACA,501830,ALZAPRIMA L 2000-3400 (AND),
,LOSA PLACA,502135,ALZAPRIMA L 2100-3500(GRUENCO),
,LOSA PLACA,502550,ALZAPRIMA L 2500-5000,
,LOSA PLACA,501836,ALZAPRIMA GALVANIZADA L 2500-4600,
,LOSA PLACA,505000,ALZAPRIMA L 3000-4300,
,LOSA PLACA,503050,ALZAPRIMA AMARILLA L 3000-5000,
,LOSA PLACA,503051,ALZAPRIMA GALVANIZADA  L 3000-5000.,
,LOSA PLACA,501837,ALZAPRIMA L 3000-5000 AND,
,ACCESORIOS,888829,ANGULO 40X40X150,
,MOLDAJES EURO,888809,APLOMADOR EURO,
,MOLDAJES EURO,888814,APLOMADOR EURO CON CONECTOR EURO-TUERC. 12 MM,
,MOLDAJES EURO,888812,APLOMADOR EURO CON CONECTOR SOLD.,
,MOLDAJES ALL STEEL,888819,APLOMADOR EURO CON TUERCA INCOS L1800X3200,
,MOLDAJES ALL STEEL,611015,APLOMADOR L 1000-1500 (PATA PATA),
,MOLDAJES ALL STEEL,611016,APLOMADOR L 1000-1500 (U),
,MOLDAJES ALL STEEL,888818,APLOMADOR EURO INCOS L1800-3200,
,MOLDAJES ALL STEEL,200003,APLOMADOR L 1800-3200 ALL STEEL ( U ),
,MOLDAJES ALL STEEL,200001,APLOMADOR L 1800-3200 ALL STEEL (PATA-PATA),
,MOLDAJES ALL STEEL,612000,APLOMADOR L 2000 (PATA PATA),
,MOLDAJES ALL STEEL,612001,APLOMADOR L 2000 (U),
,MOLDAJES ALL STEEL,613000,APLOMADOR L 3000-5000 (PATA PATA),
,MOLDAJES ALL STEEL,613180,APLOMADOR MACHO (PATA) L=1800,
,MOLDAJES ALL STEEL,613500,APLOMADOR MACHO (PATA) L=3500,
,MOLDAJES EURO,880001,APLOMADOR PATA PATA-EURO L 1000-1500,
,MOLDAJES EURO,888815,APLOMADOR PATA PATA-EURO L 2000,
,ACCESORIOS,011011,ATRIL METALICO ANDEC.,
,ACCESORIOS,000110,ATRIL METALICO GRUENCO,
,ACCESORIOS,011000,ATRIL METALICO INCOS,
,ACCESORIOS,000111,ATRIL METALICO (AND),
,ANDAMIOS MULTIDIRECCIONAL,172000,BARANDA DE PASO DOBLE,
,ANDAMIOS MULTIDIRECCIONAL,170720,BARANDA LATERAL,
,LOSA PLACA,170721,BARANDA PROTECCION,
,ANDAMIOS MULTIDIRECCIONAL,171720,BARANDA TERMINO FRONTAL,
,ANDAMIOS MULTIDIRECCIONAL,100500,BASE INICIO,
,MOLDAJES ALL STEEL,800000,BOTON PLASTICO ALL STELL (EXCLUSIVO VENTA),
,MOLDAJES EURO,900000,BOTON PLASTICO EURO (EXCLUSIVO VENTA),
,ACCESORIOS,888823,BOX-OUT,
,ANDAMIOS MULTIDIRECCIONAL,171726,CABEZAL 1.05M,
,LOSA PLACA,729001,CABEZAL DOBLE,
,LOSA PLACA,729004,CABEZAL DOBLE VIGA METALICA,
,LOSA PLACA,729002,CABEZAL SIMPLE,
,ACCESORIOS,011101,CAJON DE MADERA GRANDE,
,MURO CONTRATERRENO ALLSTEEL,601053,CANAL ALINEADOR 100x50x3000,
,ACCESORIOS,020000,CANASTILLO METAL. INCOS 90X80X80,
,ACCESORIOS,010000,CANASTILLO METALICO INCOS,
,MOLDAJES EURO,888804,CERROJO REGULABLE,
,MOLDAJES EURO,888822,CHAVETA APLOMADOR,
,MOLDAJES EURO,888805,CONECTOR APLOMADOR,
,MURO CONTRATERRENO ALLSTEEL,300002,CONECTOR DOBLE CANAL,
,MOLDAJES EURO,888811,CONECTOR EURO (TRES EN UNO),
,LOSA CATRE,300003,CONECTOR H/D,
,ACCESORIOS,400008,COPLA FUNDIDA FIJA,
,ACCESORIOS,400009,COPLA FUNDIDA FIJA (AND.),
,ACCESORIOS,400007,COPLA FUNDIDA GIRATORIA,
,ACCESORIOS,400006,COPLA ZINCADA FIJA,
,ACCESORIOS,400005,COPLA ZINCADA GIRATORIA,
,MOLDAJES EURO,888802,CUÑA COMPENSADOR,
,MOLDAJES ALL STEEL,900500,CUÑA HEMBRA,
,MOLDAJES ALL STEEL,900510,CUÑA MACHO,
,MOLDAJES EURO,880002,CUÑA HEMBRA D. P.  EURO,
,MOLDAJES EURO,880003,CUÑA MACHO D. P. EURO,
,ANDAMIOS FACHADA,183000,DIAGONAL GALVANIZADO L 2960,
,ANDAMIOS MULTIDIRECCIONAL,171730,"DIAGONAL PHORIZONTAL 2,30 MT",
,ANDAMIOS ESTANDAR ,171723,DIAGONAL STANDAR L2.5M,
,MURO CONTRATERRENO ALLSTEEL,000039,DOBLE CANAL L 1500,
,MURO CONTRATERRENO ALLSTEEL,000038,DOBLE CANAL L 3000,
,MURO CONTRATERRENO ALLSTEEL,000600,DOBLE CANAL MCT L 600,
,MOLDAJES EURO,880600,DOBLE PERFIL CIERRE MURO L 600,
,MOLDAJES EURO,880900,DOBLE PERFIL CIERRE MURO L 900,
,MOLDAJES EURO,881000,DOBLE PERFIL CIERRE MURO L 1000,
,MOLDAJES EURO,882000,DOBLE PERFIL CIERRE MURO L 2000,
,ACCESORIOS,621000,DOBLE PERFIL L 1000,
,ACCESORIOS,621500,DOBLE PERFIL L 1500,
,ACCESORIOS,622000,DOBLE PERFIL L 2000,
,ACCESORIOS,622500,DOBLE PERFIL L 2500,
,ACCESORIOS,623000,DOBLE PERFIL L 3000,
,ACCESORIOS,623500,DOBLE PERFIL L 3500,
,ACCESORIOS,624000,DOBLE PERFIL L 4000,
,ACCESORIOS,400013,ESCUADRA DOBLE PERFIL L=600*600,
,MOLDAJES ALL STEEL,706055,ESQ. EXT L 600X50X50,
,MOLDAJES ALL STEEL,709055,ESQ. EXT L 900X50X50,
,MOLDAJES ALL STEEL,701205,ESQ. EXT L 1200X50X50,
,MOLDAJES ALL STEEL,702405,ESQ. EXT L 2400X50X50,
,MOLDAJES EURO,801217,ESQ. EXTERIOR L 1200X117X117,
,MOLDAJES EURO,802417,ESQ. EXTERIOR L 2400X117X117,
,MOLDAJES ALL STEEL,706150,ESQ. INT L 600X150X150,
,MOLDAJES ALL STEEL,712150,ESQ. INT L 1200X150X150,
,MOLDAJES ALL STEEL,724150,ESQ. INT L 2400X150X150,
,MOLDAJES EURO,8060250,ESQ. INT. ARTICULADO L 600X250X250,
,MOLDAJES EURO,8012250,ESQ. INT. ARTICULADO L 1200X250X250,
,MOLDAJES EURO,801250,ESQ. INTERIOR L 1200X250X250,
,MOLDAJES EURO,802450,ESQ. INTERIOR L 2400X250X250,
,MURO CONTRATERRENO ALLSTEEL,700000,ESQUINERO MCT,
,MOLDAJES EURO,888015,FIJADOR EURO MCT L 150,
,MOLDAJES EURO,888020,FIJADOR EURO MCT L 200,
,MOLDAJES EURO,888025,FIJADOR EURO MCT L 250,
,MOLDAJES EURO,888030,FIJADOR EURO MCT L 300,
,MOLDAJES EURO,888021,FIJADOR EURO MCT PLETINA L=200,
,MOLDAJES EURO,888031,FIJADOR EURO MCT PLETINA L=300,
,MURO CONTRATERRENO ALLSTEEL,000034,FIJADOR TACO (3|4),
,MOLDAJES EURO,888801,GANCHO DE CIERRE LATERAL,
,MOLDAJES EURO,888817,GANCHO DE CIERRE PARA PILAR EURO,
,MOLDAJES EURO,888808,GANCHO DE IZAJE EUROPANEL,
,MOLDAJES ALL STEEL,709900,GANCHO DE IZAJE METALICO,
,ANDAMIOS FACHADA,100010,GATA BASE SOLIDA,
,ANDAMIOS FACHADA,100020,GATA SIMPLE ,
,ANDAMIOS FACHADA,100025,GATA SIMPLE (DOBLE),
,SISTEMA TREPANTE,505024,GOLILLA  130X30X3,
,SISTEMA TREPANTE,700902,GOLILLA  PRESION 1/2,
,MURO CONTRATERRENO ALLSTEEL,505023,GOLILLA 15X75X5,
,MURO CONTRATERRENO ALLSTEEL,505020,GOLILLA 50X50x20 MM,
,MURO CONTRATERRENO ALLSTEEL,505021,GOLILLA 50X50x5 MM,
,MURO CONTRATERRENO ALLSTEEL,505022,GOLILLA 87X75x5 MM,
,MURO CONTRATERRENO ALLSTEEL,000035,GOLILLA 200X70X6 MM,
,ACCESORIOS,300006,GRAMPA B,
,ACCESORIOS,300066,GRAMPA B-APLOMADOR,
,MURO CONTRATERRENO ALLSTEEL,300007,GRAMPA C,
,ACCESORIOS,300020,HEKO PRENSA,
,ACCESORIOS,888827,HILO 16 MM CON PLACA L=550,
,MURO CONTRATERRENO ALLSTEEL,415033,HILO 3|4 L=500 (EXLUSIVO VENTA),
,SISTEMA TREPANTE,416740,HILO CONO TREPANTE D=12 MM L=400,
,SISTEMA TREPANTE,416550,HILO CONO TREPANTE D=16 MM L=550,
,SISTEMA TREPANTE,416750,HILO CONO TREPANTE D=16 MM L=750,
,ACCESORIOS,416100,HILO CONO TREPANTE D=16 MM L=1000,
,SISTEMA TREPANTE,416150,HILO CONO TREPANTE D=16 MM L=1500,
,MOLDAJES EURO,415035,HILO D=16 MM L-300,
,ACCESORIOS,415012,HILO L 150X12MM,
,ACCESORIOS,415200,HILO L 200X12 MM,
,ACCESORIOS,415400,HILO L 400X12 MM.,
,ACCESORIOS,415550,HILO L 550X12 MM,
,ACCESORIOS,415800,HILO L 800X12MM,
,ACCESORIOS,415013,HILO L 1500X12MM,
,ACCESORIOS,415014,HILO L 2000X12MM,
,ACCESORIOS,415015,HILO L 2200X12MM,
,MURO CONTRATERRENO ALLSTEEL,415034,HILO T (3|4) L=300,
,SISTEMA TREPANTE,700901,HORQUILLA PARA TREPA L=200,
,MOLDAJES ALL STEEL,900520,JUEGO DE CUÑAS (UNION PANEL),
,ANDAMIOS FACHADA,122300,LARGUERO GALVANIZADO L 2300,
,ANDAMIOS ESTANDAR ,171721,MARCO STANDAR L1.25M,
,ACCESORIOS,100600,MED. COLLARIN,
,MOLDAJES ALL STEEL,190501,MENSULA ACCESO-BARANDA PROTEC. (MODIF.),
,MOLDAJES ALL STEEL,190500,MENSULA DE ACCESO,
,MOLDAJES ALL STEEL,888820,MENSULA DE TRABAJO PARA EURO,
,SISTEMA TREPANTE,700900,MENSULA TREPANTE,
,SISTEMA TREPANTE,700904,MENSULAS TREPANTE ANTEPECHO,
,ANDAMIOS MULTIDIRECCIONAL,171728,NIVELADOR 0.60M,
,ACCESORIOS,011100,PALLET MADERA,
,MOLDAJES EURO,812030,PANEL EURO L 1200X300,
,MOLDAJES EURO,812045,PANEL EURO L 1200X450,
,MOLDAJES EURO,812060,PANEL EURO L 1200X600,
,MOLDAJES EURO,812075,PANEL EURO L 1200X750,
,MOLDAJES EURO,812090,PANEL EURO L 1200X900,
,MOLDAJES EURO,824030,PANEL EURO L 2400X300,
,MOLDAJES EURO,824045,PANEL EURO L 2400X450,
,MOLDAJES EURO,824060,PANEL EURO L 2400X600,
,MOLDAJES EURO,924060,PANEL EURO L 2400X600 MULTI.,
,MOLDAJES EURO,824075,PANEL EURO L 2400X750,
,MOLDAJES EURO,924075,PANEL EURO L 2400X750 MULTI.,
,MOLDAJES EURO,824090,PANEL EURO L 2400X900,
,MOLDAJES ALL STEEL,760120,PANEL FLEX 1200X600,
,MOLDAJES ALL STEEL,760240,PANEL FLEX 2400X600,
,MOLDAJES ALL STEEL,712010,PANEL METALICO L 1200X100,
,MOLDAJES ALL STEEL,712015,PANEL METALICO L 1200X150,
,MOLDAJES ALL STEEL,712020,PANEL METALICO L 1200X200,
,MOLDAJES ALL STEEL,712025,PANEL METALICO L 1200X250,
,MOLDAJES ALL STEEL,712030,PANEL METALICO L 1200X300,
,MOLDAJES ALL STEEL,712035,PANEL METALICO L 1200X350,
,MOLDAJES ALL STEEL,712040,PANEL METALICO L 1200X400,
,MOLDAJES ALL STEEL,712045,PANEL METALICO L 1200X450,
,MOLDAJES ALL STEEL,712050,PANEL METALICO L 1200X500,
,MOLDAJES ALL STEEL,712550,PANEL METALICO L 1200X550,
,MOLDAJES ALL STEEL,712060,PANEL METALICO L 1200X600,
,MOLDAJES ALL STEEL,724010,PANEL METALICO L 2400X100,
,MOLDAJES ALL STEEL,724015,PANEL METALICO L 2400X150,
,MOLDAJES ALL STEEL,724020,PANEL METALICO L 2400X200,
,MOLDAJES ALL STEEL,724025,PANEL METALICO L 2400X250,
,MOLDAJES ALL STEEL,724030,PANEL METALICO L 2400X300,
,MOLDAJES ALL STEEL,724035,PANEL METALICO L 2400X350,
,MOLDAJES ALL STEEL,724040,PANEL METALICO L 2400X400,
,MOLDAJES ALL STEEL,724045,PANEL METALICO L 2400X450,
,MOLDAJES ALL STEEL,724050,PANEL METALICO L 2400X500,
,MOLDAJES ALL STEEL,724060,PANEL METALICO L 2400X600,
,MOLDAJES ALL STEEL,706010,PANEL METALICO L 600X100,
,MOLDAJES ALL STEEL,706015,PANEL METALICO L 600X150,
,MOLDAJES ALL STEEL,706020,PANEL METALICO L 600X200,
,MOLDAJES ALL STEEL,706025,PANEL METALICO L 600X250,
,MOLDAJES ALL STEEL,706030,PANEL METALICO L 600X300,
,MOLDAJES ALL STEEL,706035,PANEL METALICO L 600X350,
,MOLDAJES ALL STEEL,706040,PANEL METALICO L 600X400,
,MOLDAJES ALL STEEL,706045,PANEL METALICO L 600X450,
,MOLDAJES ALL STEEL,706050,PANEL METALICO L 600X500,
,MOLDAJES ALL STEEL,706060,PANEL METALICO L 600X600,
,MOLDAJES ALL STEEL,707035,PANEL METALICO L 700X350,
,MOLDAJES ALL STEEL,708010,PANEL METALICO L 800X100,
,MOLDAJES ALL STEEL,708015,PANEL METALICO L 800X150,
,MOLDAJES ALL STEEL,708020,PANEL METALICO L 800X200,
,MOLDAJES ALL STEEL,708025,PANEL METALICO L 800X250,
,MOLDAJES ALL STEEL,708030,PANEL METALICO L 800X300,
,MOLDAJES ALL STEEL,708035,PANEL METALICO L 800X350,
,MOLDAJES ALL STEEL,708040,PANEL METALICO L 800X400,
,MOLDAJES ALL STEEL,708045,PANEL METALICO L 800X450,
,MOLDAJES ALL STEEL,708050,PANEL METALICO L 800X500,
,MOLDAJES ALL STEEL,708060,PANEL METALICO L 800X600,
,MOLDAJES ALL STEEL,709010,PANEL METALICO L 900X100,
,MOLDAJES ALL STEEL,709015,PANEL METALICO L 900X150,
,MOLDAJES ALL STEEL,709020,PANEL METALICO L 900X200,
,MOLDAJES ALL STEEL,709025,PANEL METALICO L 900X250,
,MOLDAJES ALL STEEL,709030,PANEL METALICO L 900X300,
,MOLDAJES ALL STEEL,709035,PANEL METALICO L 900X350,
,MOLDAJES ALL STEEL,709040,PANEL METALICO L 900X400,
,MOLDAJES ALL STEEL,709045,PANEL METALICO L 900X450,
,MOLDAJES ALL STEEL,709050,PANEL METALICO L 900X500,
,MOLDAJES ALL STEEL,709060,PANEL METALICO L 900X600,
,MOLDAJES EURO,888821,PASADOR APLOMADOR,
,ACCESORIOS,400500,PASADOR SEGURIDAD,
,MOLDAJES EURO,888807,PASAMANO PLATAF. TRAB. L 1300,
,MURO CONTRATERRENO ALLSTEEL,723433,PERNO 3/4,
,ACCESORIOS,401025,PERNO M10X25,
,ACCESORIOS,618001,PLACA BASE,
,ANDAMIOS FACHADA,190600,PLATAFORMA ACCESO ANDAMIO,
,PLATAFORMAS DE TABAJO,900001,PLATAFORMA CARGA Y DESCARGA C/CARRO,
,MOLDAJES EURO,888806,PLATAFORMA DE TRABAJO,
,ANDAMIOS FACHADA,192300,PLATAFORMA METALICA L=2300,
,ANDAMIOS FACHADA,130107,PORTICO GALVANIZADO 1000X720,
,ANDAMIOS FACHADA,130207,PORTICO GALVANIZADO 2000X720,
,ACCESORIOS,300010,PRENSA RAPIDA,
,ACCESORIOS,888824,PUNTAL BOX-OUT L=500,
,ACCESORIOS,888825,PUNTAL BOX-OUT L=900,
,ACCESORIOS,888826,PUNTAL BOX-OUT L=1200,
,LOSA CATRE,162000,PUNTAL L=2000 (ESTRELLA),
,LOSA CATRE,162500,PUNTAL L=2500 (ESTRELLA),
,LOSA CATRE,163000,PUNTAL L=3000 (ESTRELLA),
,ANDAMIOS MULTIDIRECCIONAL,171729,RODAPIE FRONTAL 2.30M,
,ANDAMIOS MULTIDIRECCIONAL,171727,RODAPIE LATERAL 1.05M,
,ANDAMIOS FACHADA,128200,RODAPIE MADERA,
,ANDAMIOS MULTIDIRECCIONAL,171736,RUEDA GIRATORIA,
,ACCESORIOS,723434,SELLO WATER STOP METAL. D=12 MM (EXCLUSIVO VENTA),
,ACCESORIOS,723435,SELLO WATER STOP METAL. D=16 MM (EXCLUSIVO VENTA),
,ACCESORIOS,011110,SEPARADOR PINO 2X3 L=0.80,
,ACCESORIOS,011111,SEPARADOR PINO 2X3 L=1000,
,ACCESORIOS,011112,SEPARADOR PINO 2X3 L=1200,
,ACCESORIOS,011115,SEPARADOR PINO 2X3 L=1500,
,ACCESORIOS,011118,SEPARADOR PINO 2X3 L=1800,
,VIGAS NORMALES,729000,SOPORTE  AVION,
,VIGAS NORMALES,729100,SOPORTE AVION CON MADERA L=1000,
,VIGAS NORMALES,729011,SOPORTE AVION-SIN REFUERZO,
,ACCESORIOS,729003,SOPORTE ESQ.(D.PERFIL),
,MURO CONTRATERRENO ALLSTEEL,700810,SOPORTE ESQUINERO MCT,
,VIGAS NORMALES,700820,SOPORTE LATERAL L=600,
,VIGAS NORMALES,700830,SOPORTE LATERAL L=1000,
,MOLDAJES EURO,700801,SOPORTE REBALSE,
,ACCESORIOS,701900,SOPORTE VOLADIZO 900,
,ANDAMIOS ESTANDAR ,171722,TABLON STANDAR L2.30M,
,MURO CONTRATERRENO ALLSTEEL,000037,TACO ANCLAJE (EXCLUSIVO VENTA),
,ACCESORIOS,300011,TENSOR PRENSA RAPIDA,
,ACCESORIOS,630350,TIRANTE C TOPE D=12 MM L 350,
,ACCESORIOS,630400,TIRANTE C TOPE D=12 MM L 400,
,ACCESORIOS,630550,TIRANTE C TOPE D=12 MM L 550,
,ACCESORIOS,630750,TIRANTE C TOPE D=12 MM L 750,
,ACCESORIOS,631000,TIRANTE C TOPE D=12 MM L 1000,
,ACCESORIOS,631100,TIRANTE C TOPE D=12 MM L 1100,
,ACCESORIOS,631200,TIRANTE C TOPE D=12 MM L 1200,
,ACCESORIOS,631500,TIRANTE C TOPE D=12 MM L 1500,
,ACCESORIOS,632000,TIRANTE C TOPE D=12 MM L 2000,
,ACCESORIOS,633000,TIRANTE C TOPE D=12 MM L 3000,
,ACCESORIOS,632250,TIRANTE SIN TOPE D=12 MM L=2500,
,ACCESORIOS,632300,TIRANTE SIN TOPE D=12 MM L=3000,
,MURO CONTRATERRENO ALLSTEEL,000036,TIRANTE CONECTOR APLOMADOR D=12 MM L=200,
,MOLDAJES EURO,630250,TIRANTE SIN TOPE D=16 MM L 250,
,MOLDAJES EURO,888380,TIRANTE SIN TOPE D=16 MM L 380,
,MOLDAJES EURO,888450,TIRANTE SIN TOPE D=16 MM L 450,
,MOLDAJES EURO,888500,TIRANTE SIN TOPE D=16 MM L 500,
,MOLDAJES EURO,888550,TIRANTE SIN TOPE D=16 MM L 550,
,MOLDAJES EURO,630600,TIRANTE SIN TOPE D=16 MM L 600,
,MOLDAJES EURO,888750,TIRANTE SIN TOPE D=16 MM L 750,
,MOLDAJES EURO,810016,TIRANTE SIN TOPE D=16 MM L 1000,
,MOLDAJES EURO,811360,TIRANTE SIN TOPE D=16 MM L 1300,
,MOLDAJES EURO,811516,TIRANTE SIN TOPE D=16 MM L1500,
,MOLDAJES EURO,632200,TIRANTE SIN TOPE D=16 MM L2000,
,MOLDAJES EURO,888300,TIRANTE SIN TOPE D=16 MM L3000,
,ACCESORIOS,618000,TORNAPUNTAS 3MT,
,ACCESORIOS,419100,TORNILLO 19X100MM,
,LOSA CATRE,140600,TRAVESAÑO L 600,
,LOSA CATRE,140900,TRAVESAÑO L 900,
,LOSA CATRE,141500,TRAVESAÑO L 1500,
,LOSA CATRE,142000,TRAVESAÑO L 2000,
,LOSA PLACA,509000,TRIPODE,
,ACCESORIOS,651000,TUBO ALINEADOR CURVO L=1000,
,ACCESORIOS,651500,TUBO ALINEADOR CURVO L=1500,
,ACCESORIOS,652000,TUBO ALINEADOR CURVO L=2000,
,ACCESORIOS,652500,TUBO ALINEADOR CURVO L=2500,
,ACCESORIOS,653000,TUBO ALINEADOR CURVO L=3000,
,ACCESORIOS,653500,TUBO ALINEADOR CURVO L=3500,
,ACCESORIOS,653700,TUBO ALINEADOR CURVO L=3700,
,ACCESORIOS,655300,TUBO ALINEADOR CURVO L=5300,
,ACCESORIOS,655700,TUBO ALINEADOR CURVO L=5700,
,ACCESORIOS,656000,TUBO ALINEADOR CURVO L=6000,
,ACCESORIOS,671000,TUBO ALINEADOR GALVANIZADO L 1000,
,ACCESORIOS,671500,TUBO ALINEADOR GALVANIZADO L 1500,
,ACCESORIOS,672000,TUBO ALINEADOR GALVANIZADO L 2000,
,ACCESORIOS,672500,TUBO ALINEADOR GALVANIZADO L 2500,
,ACCESORIOS,673000,TUBO ALINEADOR GALVANIZADO L 3000,
,ACCESORIOS,673500,TUBO ALINEADOR GALVANIZADO L 3500,
,ACCESORIOS,674000,TUBO ALINEADOR GALVANIZADO L 4000,
,ACCESORIOS,674500,TUBO ALINEADOR GALVANIZADO L 4500,
,ACCESORIOS,675000,TUBO ALINEADOR GALVANIZADO L 5000,
,ACCESORIOS,676000,TUBO ALINEADOR GALVANIZADO L 6000,
,ACCESORIOS,640500,TUBO ALINEADOR L 500,
,ACCESORIOS,640600,TUBO ALINEADOR L 600,
,ACCESORIOS,641000,TUBO ALINEADOR L 1000,
,ACCESORIOS,641200,TUBO ALINEADOR L 1200,
,ACCESORIOS,641300,TUBO ALINEADOR L 1300,
,ACCESORIOS,641500,TUBO ALINEADOR L 1500,
,ACCESORIOS,641800,TUBO ALINEADOR L 1800,
,ACCESORIOS,642000,TUBO ALINEADOR L 2000,
,ACCESORIOS,642500,TUBO ALINEADOR L 2500,
,ACCESORIOS,643000,TUBO ALINEADOR L 3000,
,ACCESORIOS,643500,TUBO ALINEADOR L 3500,
,ACCESORIOS,644000,TUBO ALINEADOR L 4000,
,ACCESORIOS,644500,TUBO ALINEADOR L 4500,
,ACCESORIOS,645000,TUBO ALINEADOR L 5000,
,ACCESORIOS,645500,TUBO ALINEADOR L 5500,
,ACCESORIOS,645800,TUBO ALINEADOR L 5800,
,ACCESORIOS,646000,TUBO ALINEADOR L 6000,
,ANDAMIOS FACHADA,158121,TUBO CANCAMO L=1000,
,ANDAMIOS FACHADA,158120,TUBO CANCAMO L=1200,
,ANDAMIOS FACHADA,158115,TUBO CANCAMO L=1500,
,PLATAFORMAS DE TABAJO,901000,TUBO PARA PLATAFORMA DE CARGA D=38 L=1000,
,PLATAFORMAS DE TABAJO,902000,TUBO PARA PLATAFORMA DE CARGA D=38 L=2000,
,PLATAFORMAS DE TABAJO,902500,TUBO PARA PLATAFORMA DE CARGA D=38 L=2500,
,SISTEMA TREPANTE,159120,TUBO PASAMANO L= 1200,
,ACCESORIOS,606000,TUBULAR CUADRADO 50*50*3 L 6000,
,MURO CONTRATERRENO ALLSTEEL,400019,TUERCA 19MM (3|4),
,MOLDAJES EURO,888816,TUERCA D=16 MM ROTULADA,
,ACCESORIOS,400012,TUERCA GOLILLA 12 MM,
,SISTEMA TREPANTE,400016,TUERCA GOLILLA 16 MM,
,SISTEMA TREPANTE,700903,TUERCA HEX. 1/2 -PARA HILO FINO,
,ACCESORIOS,400011,TUERCA HEXAGONAL 12 MM,
,MOLDAJES EURO,888813,TUERCA HEXAGONAL 17 MM,
,ACCESORIOS,888828,TUERCA PALOMILLA 16 MM,
,MOLDAJES EURO,888803,TUERCA PLATO 16MM,
,ACCESORIOS,300004,UNION PANEL L-150,
,ANDAMIOS MULTIDIRECCIONAL,171735,VERTICAL L1.0M,
,ANDAMIOS MULTIDIRECCIONAL,171724,VERTICAL L2.0M,
,LOSA PLACA,721000,VIGA PRIMARIA L 1000,
,LOSA PLACA,721200,VIGA PRIMARIA L 1200,
,LOSA PLACA,721450,VIGA PRIMARIA L 1450,(Medida No existe en Bodega)
,LOSA PLACA,721500,VIGA PRIMARIA L 1500,
,LOSA PLACA,721800,VIGA PRIMARIA L 1800,
,LOSA PLACA,722000,VIGA PRIMARIA L 2000,
,LOSA PLACA,722100,VIGA PRIMARIA L 2100,
,LOSA PLACA,722150,VIGA PRIMARIA L 2150,(Medida No existe en Bodega)
,LOSA PLACA,722400,VIGA PRIMARIA L 2400,
,LOSA PLACA,722450,VIGA PRIMARIA L 2450,(Medida No existe en Bodega)
,LOSA PLACA,722500,VIGA PRIMARIA L 2500,(Medida No existe en Bodega)
,LOSA PLACA,722650,VIGA PRIMARIA L 2650,(Medida No existe en Bodega)
,LOSA PLACA,722700,VIGA PRIMARIA L 2700,
,LOSA PLACA,722900,VIGA PRIMARIA L 2900,
,LOSA PLACA,723000,VIGA PRIMARIA L 3000,
,LOSA PLACA,723300,VIGA PRIMARIA L 3300,
,LOSA PLACA,723600,VIGA PRIMARIA L 3600,
,LOSA PLACA,723900,VIGA PRIMARIA L 3900,
,LOSA PLACA,720500,VIGA PRIMARIA L 500,
,LOSA PLACA,720900,VIGA PRIMARIA L 900,
,LOSA PLACA,741000,VIGA PRIMARIA METALICA  L 1000,
,LOSA PLACA,741200,VIGA PRIMARIA METALICA  L 1200,
,LOSA PLACA,741500,VIGA PRIMARIA METALICA  L 1500,
,LOSA PLACA,741800,VIGA PRIMARIA METALICA  L 1800,
,LOSA PLACA,742000,VIGA PRIMARIA METALICA  L 2000,
,LOSA PLACA,742400,VIGA PRIMARIA METALICA  L 2400,
,LOSA PLACA,742700,VIGA PRIMARIA METALICA  L 2700,
,LOSA PLACA,743000,VIGA PRIMARIA METALICA  L 3000,
,LOSA PLACA,743300,VIGA PRIMARIA METALICA  L 3300,
,LOSA PLACA,743600,VIGA PRIMARIA METALICA  L 3600,
,LOSA PLACA,731000,VIGA SECUNDARIA L 1000,
,LOSA PLACA,731200,VIGA SECUNDARIA L 1200,
,LOSA PLACA,731450,VIGA SECUNDARIA L 1450,(Medida No existe en Bodega)
,LOSA PLACA,731500,VIGA SECUNDARIA L 1500,
,LOSA PLACA,731800,VIGA SECUNDARIA L 1800,
,LOSA PLACA,732000,VIGA SECUNDARIA L 2000,
,LOSA PLACA,732100,VIGA SECUNDARIA L 2100,(Medida No existe en Bodega)
,LOSA PLACA,732150,VIGA SECUNDARIA L 2150,
,LOSA PLACA,732400,VIGA SECUNDARIA L 2400,(Medida No existe en Bodega)
,LOSA PLACA,732450,VIGA SECUNDARIA L 2450,
,LOSA PLACA,732500,VIGA SECUNDARIA L 2500,(Medida No existe en Bodega)
,LOSA PLACA,732650,VIGA SECUNDARIA L 2650,
,LOSA PLACA,732700,VIGA SECUNDARIA L 2700,(Medida No existe en Bodega)
,LOSA PLACA,732900,VIGA SECUNDARIA L 2900,
,LOSA PLACA,733000,VIGA SECUNDARIA L 3000,(Medida No existe en Bodega)
,LOSA PLACA,733300,VIGA SECUNDARIA L 3300,
,LOSA PLACA,733600,VIGA SECUNDARIA L 3600,
,LOSA PLACA,733900,VIGA SECUNDARIA L 3900,(Medida No existe en Bodega)
,LOSA PLACA,751000,VIGA SECUNDARIA METALICA L 1000,
,LOSA PLACA,751200,VIGA SECUNDARIA METALICA L 1200,
,LOSA PLACA,751500,VIGA SECUNDARIA METALICA L 1500,
,LOSA PLACA,751800,VIGA SECUNDARIA METALICA L 1800,
,LOSA PLACA,752000,VIGA SECUNDARIA METALICA L 2000,
,LOSA PLACA,752400,VIGA SECUNDARIA METALICA L 2400,
,LOSA PLACA,752700,VIGA SECUNDARIA METALICA L 2700,
,LOSA PLACA,753000,VIGA SECUNDARIA METALICA L 3000,
,LOSA PLACA,753300,VIGA SECUNDARIA METALICA L 3300,
,LOSA PLACA,753600,VIGA SECUNDARIA METALICA L 3600,
,ACCESORIOS,723432,X-BASE ANCLAJE,
